{
  "type": "minecraft:advancement_reward",
  "pools": [
    {
      "rolls": 1,
      "entries": [
        {
          "type": "minecraft:item",
          "name": "minecraft:rabbit_stew",
          "functions": [
            {
              "function": "minecraft:set_name",
              "entity": "this",
              "target": "custom_name",
              "name": {
                "text": "Deep Stew",
                "italic": false
              }
            },
            {
              "function": "minecraft:set_components",
              "components": {
                "minecraft:rarity": "rare",
                "minecraft:food": {
                  "nutrition": 16,
                  "saturation": 15,
                  "can_always_eat": true
                },
                "minecraft:consumable": {
                  "on_consume_effects": [
                    {
                      "type": "minecraft:apply_effects",
                      "effects": [
                        {
                          "id": "minecraft:nausea",
                          "amplifier": 1,
                          "duration": 240
                        },
                        {
                          "id": "minecraft:absorption",
                          "amplifier": 2,
                          "duration": 6000
                        },
                        {
                          "id": "minecraft:speed",
                          "amplifier": 0,
                          "duration": 6000
                        },
                        {
                          "id": "minecraft:strength",
                          "amplifier": 0,
                          "duration": 6000
                        },
                        {
                          "id": "minecraft:night_vision",
                          "amplifier": 0,
                          "duration": 6000
                        },
                        {
                          "id": "minecraft:haste",
                          "amplifier": 2,
                          "duration": 6000
                        }
                      ]
                    }
                  ]
                },
                "minecraft:custom_model_data": {
                  "strings": [
                    "deep"
                  ]
                }
              }
            }
          ]
        }
      ]
    }
  ]
}