{
  "type": "minecraft:advancement_reward",
  "pools": [
    {
      "rolls": 1,
      "entries": [
        {
          "type": "minecraft:item",
          "name": "minecraft:chainmail_helmet",
          "functions": [
            {
              "function": "minecraft:set_components",
              "components": {
                "minecraft:rarity": "uncommon",
                "minecraft:custom_model_data": {
                  "strings": [
                    "necklace"
                  ]
                }
              }
            },
            {
              "function": "minecraft:set_name",
              "entity": "this",
              "target": "item_name",
              "name": {
                "translate": "Tooth Necklace",
                "italic": false
              }
            }
          ]
        }
      ]
    }
  ]
}