{
  "type": "minecraft:crafting_shaped",
  "category": "misc",
  "pattern": [
    "#o#",
    "?!?"
  ],
  "key": {
    "#": [
      "minecraft:bone"
    ],
    "?": [
      "minecraft:rotten_flesh"
    ],
    "o": [
      "minecraft:spider_eye"
    ],
    "!": [
      "minecraft:beetroot_soup"
    ]
  },
  "result": {
    "id": "minecraft:knowledge_book",
    "components": {
      "minecraft:rarity": "rare",
      "minecraft:custom_model_data": {
        "strings": [
          "deep"
        ]
      }
    }
  }
}