{"stats":{"minecraft:used":{"minecraft:oak_log":21,"minecraft:wooden_axe":56,"minecraft:apple":1,"minecraft:chicken":1,"minecraft:stone_shovel":24,"minecraft:stone_pickaxe":9,"minecraft:wooden_pickaxe":19,"minecraft:dirt":1,"minecraft:crafting_table":2,"minecraft:oak_sapling":9},"minecraft:mined":{"minecraft:short_grass":131,"minecraft:grass_block":18,"minecraft:oak_log":8,"minecraft:poppy":1,"minecraft:vine":2,"minecraft:jungle_log":4,"minecraft:sand":1,"minecraft:dirt":9,"minecraft:tall_grass":2,"minecraft:bamboo":1,"minecraft:stone":7,"minecraft:sandstone":8,"minecraft:fern":40},"minecraft:crafted":{"minecraft:oak_planks":8,"minecraft:stone_shovel":1,"minecraft:crafting_table":2,"minecraft:stick":4,"minecraft:wooden_pickaxe":1,"minecraft:stone_pickaxe":1,"minecraft:wooden_axe":1,"minecraft:stone_axe":1,"minecraft:jungle_planks":8},"minecraft:killed_by":{"minecraft:skeleton":1,"minecraft:spider":2},"minecraft:picked_up":{"minecraft:wooden_axe":1,"minecraft:stick":14,"minecraft:sandstone":8,"minecraft:chicken":1,"minecraft:jungle_log":32,"minecraft:wooden_pickaxe":1,"minecraft:sand":18,"minecraft:oak_log":72,"minecraft:dirt":27,"minecraft:apple":1,"minecraft:wheat_seeds":40,"minecraft:jungle_sapling":8,"minecraft:poppy":2,"minecraft:bamboo":18,"minecraft:oak_sapling":48,"minecraft:cobblestone":7},"minecraft:killed":{"minecraft:chicken":1},"minecraft:broken":{"minecraft:wooden_axe":1},"minecraft:custom":{"minecraft:time_since_rest":9925,"minecraft:sprint_one_cm":89142,"minecraft:damage_taken":950,"minecraft:walk_one_cm":53542,"minecraft:mob_kills":1,"minecraft:damage_dealt":189,"minecraft:interact_with_crafting_table":3,"minecraft:fly_one_cm":83387,"minecraft:crouch_one_cm":1388,"minecraft:play_time":24100,"minecraft:deaths":3,"minecraft:sneak_time":353,"minecraft:jump":423,"minecraft:leave_game":2,"minecraft:walk_on_water_one_cm":958,"minecraft:time_since_death":9893,"minecraft:total_world_time":24100,"minecraft:climb_one_cm":166,"minecraft:fall_one_cm":13198}},"DataVersion":4189}