{
  "criteria": {
    "daze": {
      "trigger": "minecraft:player_hurt_entity",
      "conditions": {
        "player": {
          "equipment": {
            "mainhand": {
              "items": [
                "minecraft:diamond_axe",
                "minecraft:golden_axe",
                "minecraft:iron_axe",
                "minecraft:netherite_axe",
                "minecraft:stone_axe",
                "minecraft:wooden_axe",
                "minecraft:mace"
              ]
            }
          }
        },
        "entity": [
          {
            "condition": "minecraft:entity_properties",
            "entity": "this",
            "predicate": {
              "nbt": "{Tags:[lurker]}"
            }
          }
        ]
      }
    }
  },
  "rewards": {
    "function": "lurker:axe_daze"
  }
}