{
  "display": {
    "icon": {
      "id": "minecraft:ominous_bottle"
    },
    "title": {
      "translate": "Take A Chill Pill"
    },
    "description": {
      "translate": "Kill an enraged Cave Lurker after successfully stunning it enough times"
    },
    "frame": "challenge",
    "show_toast": true,
    "announce_to_chat": true,
    "hidden": true
  },
  "parent": "lurker:main/enraged",
  "criteria": {
    "rage_kill": {
      "trigger": "minecraft:player_killed_entity",
      "conditions": {
        "entity": [
          {
            "condition": "minecraft:entity_properties",
            "entity": "this",
            "predicate": {
              "nbt": "{Tags:[enraged]}"
            }
          }
        ]
      }
    }
  },
  "requirements": [
    [
      "rage_kill"
    ]
  ],
  "rewards": {
    "experience": 150
  }
}