{
  "display": {
    "icon": {
      "id": "minecraft:skeleton_skull"
    },
    "title": {
      "translate": "+ENRAGED"
    },
    "description": {
      "translate": "Enrage a Cave Lurker by damaging it sufficiently"
    },
    "frame": "goal",
    "show_toast": true,
    "announce_to_chat": true,
    "hidden": true
  },
  "parent": "lurker:main/tooth_and_nail",
  "criteria": {
    "enraged": {
      "trigger": "minecraft:impossible"
    }
  },
  "requirements": [
    [
      "enraged"
    ]
  ],
  "rewards": {
    "experience": 25
  }
}