{
  "display": {
    "icon": {
      "id": "minecraft:bone",
      "components": {
        "minecraft:custom_model_data": {
          "strings": [
            "tooth"
          ]
        }
      }
    },
    "title": {
      "translate": "Fight or Flight"
    },
    "description": {
      "translate": "Encounter a Cave Lurker deep under the surface"
    },
    "frame": "task",
    "show_toast": true,
    "announce_to_chat": true,
    "hidden": true
  },
  "parent": "minecraft:adventure/kill_a_mob",
  "criteria": {
    "damaged_by_lurker": {
      "trigger": "minecraft:entity_hurt_player",
      "conditions": {
        "damage": {
          "source_entity": {
            "nbt": "{Tags:[prevent_despawn]}"
          }
        }
      }
    },
    "lurker_damaged": {
      "trigger": "minecraft:player_hurt_entity",
      "conditions": {
        "entity": [
          {
            "condition": "minecraft:entity_properties",
            "entity": "this",
            "predicate": {
              "nbt": "{Tags:[prevent_despawn]}"
            }
          }
        ]
      }
    }
  },
  "requirements": [
    [
      "lurker_damaged",
      "damaged_by_lurker"
    ]
  ]
}