{
  "criteria": {
    "lurker_kill": {
      "trigger": "minecraft:player_killed_entity",
      "conditions": {
        "entity": [
          {
            "condition": "minecraft:entity_properties",
            "entity": "this",
            "predicate": {
              "nbt": "{Tags:[prevent_despawn]}"
            }
          }
        ]
      }
    }
  },
  "requirements": [
    [
      "lurker_kill"
    ]
  ],
  "rewards": {
    "function": "lurker:lurker_die",
    "recipes": [
      "lurker:deep_stew",
      "lurker:tooth_necklace"
    ]
  }
}
