{
  "criteria": {
    "requirement": {
      "trigger": "minecraft:recipe_crafted",
      "conditions": {
        "recipe_id": "lurker:tooth_necklace",
        "ingredients": [
          {
            "items": "minecraft:bone",
            "components": {
              "minecraft:custom_model_data": {
                "strings": [
                  "tooth"
                ]
              }
            }
          },
          {
            "items": "minecraft:bone",
            "components": {
              "minecraft:custom_model_data": {
                "strings": [
                  "tooth"
                ]
              }
            }
          },
          {
            "items": "minecraft:bone",
            "components": {
              "minecraft:custom_model_data": {
                "strings": [
                  "tooth"
                ]
              }
            }
          },
          {
            "items": [
              "minecraft:bone"
            ],
            "components": {
              "minecraft:custom_model_data": {
                "strings": [
                  "tooth"
                ]
              }
            }
          },
          {
            "items": "minecraft:bone",
            "components": {
              "minecraft:custom_model_data": {
                "strings": [
                  "tooth"
                ]
              }
            }
          }
        ]
      }
    }
  },
  "rewards": {
    "function": "lurker:reset",
    "loot": [
      "lurker:recipes/tooth_necklace"
    ]
  }
}