{
  "display": {
    "icon": {
      "id": "minecraft:chainmail_helmet",
      "components": {
        "minecraft:custom_model_data": {
          "strings": [
            "necklace"
          ]
        }
      }
    },
    "title": {
      "translate": "One With The Caves"
    },
    "description": {
      "translate": "Craft a Tooth Necklace using Cave Lurker teeth and some string"
    },
    "frame": "goal",
    "show_toast": true,
    "announce_to_chat": true,
    "hidden": true
  },
  "parent": "lurker:main/fight_or_flight",
  "criteria": {
    "necklace_crafted": {
      "trigger": "minecraft:inventory_changed",
      "conditions": {
        "items": [
          {
            "items": "minecraft:chainmail_helmet",
            "components": {
              "minecraft:custom_model_data": {
                "strings": [
                  "necklace"
                ]
              }
            }
          }
        ]
      }
    }
  },
  "requirements": [
    [
      "necklace_crafted"
    ]
  ],
  "rewards": {
    "experience": 75
  }
}