{
  "display": {
    "icon": {
      "id": "minecraft:spider_eye",
      "components": {
        "minecraft:custom_model_data": {
          "strings": [
            "lurker_eye"
          ]
        }
      }
    },
    "title": {
      "translate": "Tooth and Nail"
    },
    "description": {
      "translate": "Kill a Cave Lurker within the depths of the world"
    },
    "frame": "goal",
    "show_toast": true,
    "announce_to_chat": true,
    "hidden": true
  },
  "parent": "lurker:main/fight_or_flight",
  "criteria": {
    "lurker_kill": {
      "trigger": "minecraft:player_killed_entity",
      "conditions": {
        "entity": [
          {
            "condition": "minecraft:entity_properties",
            "entity": "this",
            "predicate": {
              "nbt": "{Tags:[prevent_despawn]}"
            }
          }
        ]
      }
    }
  },
  "requirements": [
    [
      "lurker_kill"
    ]
  ],
  "rewards": {
    "experience": 75
  }
}