{
  "display": {
    "icon": {
      "id": "minecraft:rabbit_stew",
      "components": {
        "minecraft:custom_model_data": {
          "strings": [
            "deep"
          ]
        }
      }
    },
    "title": {
      "translate": "A Wicked Concoction"
    },
    "description": {
      "translate": "Craft a Deep Stew using various mob drops and then eat it"
    },
    "frame": "challenge",
    "hidden": true
  },
  "parent": "lurker:main/one_with_the_caves",
  "criteria": {
    "stew_eaten": {
      "trigger": "minecraft:consume_item",
      "conditions": {
        "item": {
          "items": "minecraft:rabbit_stew",
          "components": {
            "minecraft:custom_model_data": {
              "strings": [
                "deep"
              ]
            }
          }
        }
      }
    }
  },
  "requirements": [
    [
      "stew_eaten"
    ]
  ],
  "rewards": {
    "experience": 50
  }
}